Pal. Abgrenzung;Nr. in Strukt;PN Text Belegform;Lemma;Titel Sigle;Seite;Sprachherkunft
1;1;…pman;finan;;1r;
1;2;Cucpald			;hug~balth;;1r;
1;3;Similda			;sig~hildi;;1r;
1;4;Uualto			;wald;;1r;
1;5;Ucpald			;hug~balth;;1r;
1;6;Garaca			;garaca;;1r;
1;7;Itta			;id;;1r;
1;8;Arno			;arin;;1r;
2;1;Regelenda		;ragin~linth;;1r;
3;1;Neostir			;neastru;;1r;slaw
3;2;Malamila		;māl~mīl;;1r;slaw
3;3;Iufinig;iuvenīx;;1r;
3;4;Gete			;gete;;1r;
4;1;Foskero					;fuscerus;sda;1r;
5;1;Fesselo			;fast-l;;1r;
5;2;Ceseri			;caesar;;1r;
5;3;Marcorus		;marcor;;1r;
6;1;Antelf			;and~wulf;;1r;
7;1;…hos;???;;1r;
7;2;Richmond				;rīk~mund;pbr;1r;
7;3;Ernoste					;ernust;pbr;1r;
7;4;Pabo;bab;;1r;
7;5;Richeri;rīk~hari;;1r;
7;6;Ingelscalh;angil~skalk;;1r;
8;1;Odelabega;ōthal~berg;;1r;
8;2;Aunegardi;aun~gard;;1r;
1;1;Toderiu;theud~hari;;1v;
2;1;Ringer ;rīn~gair;;1v;
2;2;Richini;rīk~wini;;1v;
3;1;Larant;laurentius;;1v;
3;2;Liuprat ;leub~rād;;1v;
3;3;Tingund ;thing~gunth;;1v;
4;1;Gaitepret;gaid~berht;;1v;
4;2;Gifarde;geb~ward;;1v;
4;3;Flodeberte;hlud~berht;;1v;
5;1;Habraham;abrahām;;1v;
5;2;Uuidrica ;vūdr-k;;1v;slaw
5;3;Bedasclauo;bud~slāv;;1v;slaw
5;4;Thesica;tēx-k;pbr;1v;
1;1;Auelpert ;aul~berht;[p…];2r;
1;2;Rotpert;hrōth~berht;;2r;
2;1;Cotafrit;god~frith;;2r;
2;2;Erissuint ;hari~swinth;;2r;
2;3;Roteperte;hrōth~berht;;2r;
2;4;Felix;fēlīx;dia;2r;
2;5;Iustus;iūstus;pbr;2r;
3;1;Amantinus;amantīnus;;2r;
3;2;Bona;bona;;2r;
4;1;Felicitas;fēlīcitās;;2r;
4;2;Pedernia;pēdernia;;2r;
5;1;Nepocor;nepakaru;;2r;   
5;2;Gresic;grēx-k ;;2r;slaw
5;3;Iohannes;iōhannēs;;2r;
6;1;Brasclauo;slāv-n-k;;2r;slaw
6;2;Zelesena;želēz-n;;2r;slaw
6;3;Hesla ;hesla;;2r;
6;4;Stregemil;slāv-n-k;;2r;slaw
6;5;Motico;mǫt-k;;2r;slaw
7;1;Trebenec;terb-n-c;;2r;slaw
7;2;Dracig;darg-k;;2r;slaw
7;3;Craniohi;xarni-x ;;2r;slaw
8;1;Millena;slāv-n-k;;2r;slaw
9;1;Zelebor;želī~bar;;2r;slaw
9;2;Andreas;andreās;;2r;
9;3;Uualtiher;wald~hari;;2r;
9;4;Tripina;slāv-n-k;;2r;slaw
9;5;Nosimer;nasī~mēr;;2r;slaw
10;1;Gelanus;gail-n;;2r;
10;2;Luta.isa ;hlud~wis;;2r;
10;3;Audeberte;aud~berht;;2r;
11;1;Petrus ;petrus;pbr;2r;
12;1;Henglerich;angil~rīk;;2r;
12;2;Odelrich;ōthal~rīk;;2r;
12;3;Theddat;theud~hath;;2r;
13;1;Arfret;hari~frith;;2r;
13;2;Martinus;martīnus;pbr;2r;
14;1;Foscari ;fuscarus;sda;2r;
14;2;Gaugiosus;gaudiōsus;;2r;
15;1;Reginbert;ragin~berht;;2r;
15;2;Otihi..;aud-k;;2r;
16;1;Gauselmus;gaut~helm;;2r;
16;2;Andreas ;andreās;;2r;
16;3;Grimalde;grim~wald       ;;2r;
17;1;Cleri;Name oder Weihegrad?;;2r;
18;1;Legembr[a] ;legembra;;2r;
18;2;[Ra]tram ;rād~hraban;;2r;
18;3;Ra..;???;;2r;
19;1;Engilinda ;angil~linth;;2r;
19;2;Pergildruda;berg~thruth;;2r;
20;1;Rotecause;hrōth~gaut;;2r;
20;2;Ro...perte ;hrōth~berht;;2r;
20;3;Roteperga;hrōth~berg;;2r;
21;1;Uuisirich;wis~rīk;;2r;
22;1;Hadamar;hath~mar;;2r;
22;2;Keio;gagi;;2r;
22;3;Susanna;sūsanna;;2r;
22;4;Hunulf;hūn~wulf;;2r;
22;5;Cuncpric ;gunth~berg;;2r;
22;6;Hilduinus;hildi~wini;pbr;2r;
22;7;Uueriant;wari-nd;;2r;
22;8;Uuolflez;wulf~hleut;;2r;
22;9;Grimpert;grīm~berht;;2r;
22;10;Uuolfker ;wulf~gair;;2r;
22;11;Kermunt;gair~mund;;2r;
22;12;Odilint;ōthal~linth;;2r;
22;13;Odilint;ōthal~linth;;2r;
22;14;Adalker;athal~gair;;2r;
22;15;Palthilt ;balth~hildi;;2r;
22;16;Odilint;ōthal~linth;;2r;
22;17;Einhart;agin~hard;;2r;
22;18;Elinhart ;alian~hard;;2r;
22;19;Rotpret ;hrōth~berht;;2r;
22;20;Geonilt;gagan~hildi;;2r;
23;1;Audebertus;aud~berht;dia;2r;
23;2;Maselio;masilius;sda;2r;
24;1;Hungund ;hūn~gunth;;2r;
24;2;Irminsuuind ;erman~swinth;;2r;
24;3;Amalrih;amal~rīk;;2r;
25;1;...bina fideles;Name? ;;2r;
26;1;Engelberte;angil~berht;;2r;
26;2;Adolanna;athal-n;;2r;
26;3;Alpote;athal~bod;;2r;
26;4;Enguelric;angil~rīk;;2r;
27;1;Uuilliric ;wili~rīk;;2r;
27;2;Uuilliric;wili~rīk;;2r;
27;3;Ingiltruda;angil~thruth;;2r;
1;1;Chotmer;xatē~mēr;;2v;slaw
2;1;Huluolt;hlud~wald    ;;2v;
3;1;Erpald;erp~wald;;2v;
3;2;Carman;garw~man;;2v;
3;3;Astrepald ;austar~balth   ;;2v;
3;4;Frederun;frith~rūn;;2v;
3;5;Alboni;alb~wini;;2v;
3;6;Freurit;frawi~rid;;2v;
4;1;Audebertus;aud~berht;;2v;
5;1;Cozil ;gaut-l;;2v;
5;2;Uuozet;vaj-k-t;;2v;slaw
5;3;Margareta;margarīta;;2v;
5;4;[Z]elislaua ;želī~slāv;;2v;slaw
5;5;Sebetuh;slāv-n-k;;2v;slaw
5;6;Humislan;humislan;cle;2v;
5;7;Trebebor;terb~bar;;2v;slaw
5;8;Bribibor;prībū~bar;;2v;slaw
5;9;Trudopulc;tvird~pulk;;2v;
5;10;Amalrih;amal~rīk;;2v;
6;1;Ricpult ;rīk~balth;;2v;
6;2;Teutkart;theud~gard;;2v;
6;3;Odlard;ōthal~gard;;2v;
7;1;Hodelric;othal~rīk;;2v;
7;2;Ildepret;hildi~berht;;2v;
7;3;Hunilt;hūn~hildi;;2v;
7;4;Iltelint;hildi~linth;;2v;
7;5;Richer;rīk~hari;;2v;
7;6;Alpric;alb~rīk;;2v;
7;7;Adelpret;athal~berht;;2v;
7;8;Artepret;hard~berht;;2v;
7;9;Inselpret;ingal~berht;;2v;
7;10;Iltepruc;hildi~burg;;2v;
7;11;Hichet;hid~k;;2v;
7;12;Conterat;gunth~rād;;2v;
1;1;Gagtari;gaut~hari;;3r;
2;1;Irmingart;erman~gard;;3r;
3;1;Teotpert;theud~berht;;3r;
4;1;Cotahardus;god~hard ;p[br];3r;
5;1;Machelm;mag~helm;;3r;
6;1;Uuerinolfus;warin~wulf;abb;3r;
6;2;Ellanpertus;alian~berht ;;3r;
7;1;Teuder[icus];theud~rīk;;3r;
7;2;Albisinda;alb~sinth;;3r;
7;3;Garardus;garw~hard;;3r;
8;1;Adoarde;ath~ward;;3r;
8;2;Rodiberte;hroth~berht;;3r;
9;1;Ulfihir;wulf~hari;;3r;
9;2;Quoteld;god~hildi;;3r;
10;1;Uualtelm;wald~helm;;3r;
10;2;Liutrat;leud~rād;;3r;
10;3;Gauspert;gaut~berht;;3r;
10;4;Uuipert;wīg~berht;sda;3r;
11;1;Boselisa;bažē~lizā ;;3r;slaw
11;2;Sobemusclan;sabē~mūsl-n;;3r;slaw
11;3;Quos.musclo;kvas~mūsl;;3r;slaw
11;4;Slauuenca;slāv-n-k;;3r;slaw
1;1;Lodohicus;hlud~wīg;imp;3v;
1;2;Ingelberga;angil~berg;reg;3v;
2;1;Uuardema;ward~man;dia;3v;
3;1;Hisinarde;īsan~hard;;3v;
3;2;Emeldruda;hemil~thruth;;3v;
4;1;Mihahel;mīchāēl;;3v;
4;2;Dox;da-x;fra;3v;slaw
4;3;Gabriel;gabriēl;fra;3v;
4;4;Maria;maria;uxo;3v;
4;5;Rasate;rā-š-t ;fil;3v;slaw
4;6;Gabriel;gabriēl;fil;3v;
4;7;Simeon;simeōn;fil;3v;
4;8;Iacob;iācōb;fil;3v;
4;9;Praxi;prāxis;fil;3v;
4;10;Anna;anna;fil;3v;
5;1;Zergobula;sterg~būl ;;3v;slaw
6;1;Georg;geōrgius;;3v;
7;1;A[n]t[o]nius;antōnius;;3v;
8;1;Paulo;paulus;;3v;
9;1;Anastasius;anastasius;dia;3v;
1;1;Roolt;hrōth~wald;;4r;
1;2;Hoolt;hauh~wald;;4r;
1;3;Irmisen;erman~sinth;;4r;
2;1;Uualto			;wald;fil;4r;
2;2;Upold;hug~balth;;4r;
3;1;Frambertus;hraban~berht;;4r;
3;2;Roco;hrōk;;4r;
4;1;Baiua;bak~???;;4r;
5;1;Albi[ni];alb~wini;;4r;
5;2;Mino;min;;4r;slaw
6;1;Atala;athal;;4r;
6;2;Karsuint;garw~swinth;;4r;
6;3;Ernust;ernust;;4r;
6;4;Egono;agin ;;4r;
6;5;Elmeric;amal~rīk;;4r;
6;6;Teuterihc;theud~rīk;;4r;
6;7;Starcolf;stark~wulf;;4r;
6;8;Atala;athal;;4r;
6;9;Etela;athal;;4r;
6;10;Emelrih;ama~rīk;;4r;
6;11;Uuicpald;wīg~balth;;4r;
6;12;Erideo;hari~thew;;4r;
6;13;Adaluualr;athal~wald;;4r;
6;14;Stara;stark ;;4r;
6;15;Rahilt;rak~hildi;;4r;
6;16;Ingilard;ingil~hard;;4r;
6;17;Phisila;phisila;;4r;
6;18;Piofa;piofa;;4r;
7;1;Pritcot;berht~gaut;;4r;
7;2;Ualper;walh~ber;;4r;
7;3;Elinper[o];alian~berht ;;4r;
8;1;Candon;gand;;4r;
8;2;Kerolt;gair~wald;;4r;
8;3;Folcar;fulk~hari;;4r;
8;4;Elene;helena;;4r;
8;5;Egerd;agi~hard;;4r;
8;6;Merd…;mar~???;;4r;
8;7;Lipar;leub~hari;;4r;
9;1;Uilelm;wili~helm;;4r;
9;2;Strem;starm;;4r;slaw
10;1;Sondoke;sǫd-k;fil;4r;slaw
10;2;Iohannes;iōhannēs;pat;4r;
10;3;Maria;maria;mat;4r;
10;4;Anna;anna;uxo;4r;
10;5;Mihael;michael;fil;4r;
10;6;Uuelecneo;velje~gnēv;fil;4r;slaw
10;7;Bogomilla;bag~mīl;fil;4r;slaw
10;8;Kalia;kāl-j;fil;4r;slaw
10;9;Mar…;mar…;fil;4r;
10;10;Helena;helena;fil;4r;
10;11;Maria;maria;fil;4r;
10;12;Sogesclaua;sabē~slāv ;uxo;4r;slaw
10;13;Petrus ;petrus;hom;4r;
10;14;Georius;geōrgius;;4r;
10;15;Petrus ;petrus;;4r;
10;16;Sofia;sophia;uxo;4r;
11;1;Iohannes;iōhannēs;imp;4r;
11;2;.o..dal…;???;uxo;4r;
11;3;[Eu]f[e]mias;euphēmia;;4r;
1;1;Mota;mōd;;4v;
1;2;Madoloc;math~walh;;4v;
1;3;Romalde;hrōm~wald;;4v;
1;4;Eginulfus;agin~wulf;;4v;
1;5;Ueti;wadi-n;;4v;
1;6;Ualto;wald;;4v;
1;7;Ermigeri;erm~gair;;4v;
1;8;Adelprete;athal~berht;;4v;
1;9;Rodald;hrōth~wald;;4v;
1;10;Regimprete;ragin~berht;;4v;
1;11;Adolo;athal;;4v;
2;1;Khaco;kā-č ;;4v;slaw
2;2;Sebedrago;sebē~darg;;4v;slaw
2;3;Centeska;cęt-š-k ;;4v;slaw
3;1;Porosit;barī~žīt;;4v;slaw
3;2;Alpiker;alb~gair;;4v;
3;3;Rihilt;rīk~hildi;;4v;
4;1;Petrus ;petrus;dia;4v;
4;2;Petrus ;petrus;lai;4v;
5;1;Gisleberte;gīsal~berht;;4v;
6;1;Mammone;mam;ger;4v;
6;2;Arteperto;hard~berht;ger;4v;
7;1;[U]uiching;wīg-ng;pbr;4v;
8;1;Szuentiepulc;svęt~pulk;;4v;slaw
8;2;Szuentezizna;svęt~žīzn;;4v;slaw
8;3;Predezlau;perd-slāv;;4v;slaw
9;1;Hadaker;hath~gair;;4v;
10;1;Paldmunt;balth~mund;;4v;
10;2;Lontpert;land~berht;;4v;
10;3;Lepuni;laib~wini;;4v;
10;4;..ngilsuon;angil~sōn;;4v;
10;5;Alpker;alb-gair;;4v;
10;6;Erchanhart;erkan~hard;;4v;
10;7;Lantsuind;land~swinth;;4v;
10;8;Snelsuind;snel~swinth;;4v;
10;9;Uualtrih;wald~rīk;;4v;
10;10;Ruodpold;hrōth~balth;;4v;
10;11;Liuphilt;leub~hild;;4v;
10;12;Sindman;sinth~man;;4v;
10;13;Liutheri;leud~hari;;4v;
1;1;Remig...;rēmigius;;5r;
2;1;Einard;agin~hard;;5r;
3;1;Miramuscle;mīr~mūsl;;5r;slaw
3;2;Zitemer;žītī~mēr;;5r;slaw
3;3;Straneca;slaw;;5r;slaw
3;4;Maola;maola;;5r;
3;5;U…us;???;;5r;
3;6;Es…;???;;5r;
4;1;Sig…c;sig~???;fra;5r;
4;2;Iob;iōb;;5r;
5;1;Iob;iōb;;5r;
5;2;Cunipret;kuni~berht;;5r;
5;3;Adelint;athal~linth;;5r;
5;4;Iacob;iācōb;;5r;
5;5;Rumolt;hrōm~wald;;5r;
5;6;Reginolt;ragin~wald;;5r;
5;7;[Atto];ath;;5r;
6;1;Orso;hors;dia;5r;
6;2;Orso;hors;sda;5r;
7;1;Fredebertus;frith~berht;;5r;
7;2;Giselbertus;gīsal~berht;;5r;
8;1;Forti;fortis;;5r;
8;2;Bertaldo;berht~wald;fil;5r;
9;1;Lobonilaica;lab-nj;lai;5r;slaw
9;2;Iohannes;Iōhannēs;;5r;
10;1;Ratepote;rād~bod;;5r;
10;2;Rotepertus;hrōth~berht;;5r;
10;3;Uartemannus;ward~man;;5r;
10;4;Eimo;haim;;5r;
10;5;Rotecari;hrōth~gair;;5r;
10;6;Ernoste					;ernust;;5r;
10;7;Inehichos;inehichos;;5r;
10;8;Angelarius;angil~hari;;5r;
10;9;Adelbertus;athal~berht;;5r;
10;10;Eimo;haim;;5r;
1;1;Preban;perb-n;;5v;slaw
1;2;…e;…e;;5v;
1;3;Prebrassclaua;perbū~slāv ;;5v;slaw
1;4;Pressobboda;per-svabadā;;5v;slaw
1;5;Mutacus;mǫt-k;;5v;slaw
2;1;Suar;swar;;5v;
3;1;…[atas];…atas;;5v;
3;2;Felice;fēlīx;;5v;
3;3;Launia;laun;;5v;
4;1;Agathe;agatha;;5v;
4;2;Domnisia;dam-n-š;;5v;slaw
4;3;Iorsia;jār-š;;5v;slaw
5;1;Sedemir;sudē~mīr;;5v;slaw
6;1;Magnus;māgnus;;5v;
6;2;Ciprianus;cypriānus;;5v;
6;3;Suberancius;superantius;;5v;
6;4;Gaginart;gagan~hard;;5v;
6;5;Perinsuin;berin~swīn;;5v;
6;6;Immo;im;;5v;
6;7;Paltilh;balth~hildi;;5v;
6;8;Kerpold;gair~balth;;5v;
6;9;Isac;īsaac;;5v;
6;10;Stamer;stā~mēr;;5v;slaw
6;11;Penebod;panē~bad ;;5v;slaw
6;12;Semidraga;sēmī~darg;;5v;slaw
7;1;Kanib[o]ra;kānī~bar;;5v;slaw
7;2;Engilp[ert];angil~berht;;5v;
7;3;Torda;tvird ;;5v;slaw
7;4;Richard;rīk~hard;;5v;
8;1;Raginardo;ragin~hard;;5v;
8;2;Adalrih;athal~rīk;pbr;5v;
8;3;Cristina;chrīstīna;;5v;
8;4;Zempho;zempho;;5v;
8;5;Chuningund;kuni~gunth;;5v;
9;1;Heimo;haim;pbr;5v;
9;2;Eripert;hari~berht;pbr;5v;
10;1;Iltint;hildi-nd;;5v;
10;2;Rotlind;hrōth~linth;;5v;
10;3;Rosind;hrōth~sinth;;5v;
11;1;Za[mi]r;zā-mīr;;5v;slaw
12;1;Rengheri;ragin~hari;;5v;
12;2;Preteld;berht~hildi;;5v;
12;3;Helias;ēliās;;5v;
12;4;Prtsund;berht~sinth;;5v;
12;5;Gisuldruta;gīsal~thruth    ;;5v;
12;6;Ernosed;ernust;;5v;
12;7;Giselperte;gīsal~berht;;5v;
13;1;Simon;simōn;;5v;
13;2;Cutakar;god~wakar;;5v;
13;3;Aluic;ala~wīg;;5v;
13;4;Simon;simōn;;5v;
13;5;Elm[e];am-l;;5v;
13;6;Fe…;???;;5v;
13;7;M[o]cei.ka;matēj-k;;5v;slaw
13;8;Itesen;idis-n;;5v;
13;9;Otila;aud-l;;5v;
14;1;Unoc;hūn-k;;5v;
15;1;Uuerno;warin;;5v;
16;1;Uualto			;wald;;5v;
16;2;Pernger;berin~gair;;5v;
16;3;Cutpert;gunth~berht;;5v;
16;4;Iltipert;hildi~berht;;5v;
16;5;Iacob;iācōb;;5v;
16;6;Engilram;angil~hraban;;5v;
16;7;Chisilbrit;gīsal~berht;;5v;
16;8;Pernart;berin~hard;;5v;
17;1;Richeri;rīk~hari;;5v;
17;2;Iltiburga;hildi~burg;;5v;
17;3;Richeri;rīk~hari;;5v;
18;1;Egilpert;agil~berht;;5v;
18;2;Pitonna;būt-nj;;5v;slaw
18;3;M[o]lcicu;milč-k;;5v;slaw
19;1;Eginarde;agin~hard;;5v;
19;2;Rigichis;rīk~gīs;;5v;
20;1;Orsus;hors;;5v;
21;1;Angelgari;angil~gair;;5v;
21;2;Perteri;berht~hari;;5v;
22;1;Ratuuic;rād~wīg;;5v;
22;2;Sebedrah;sebē~darg;ost;5v;slaw
22;3;Tripimiro;tirpī~mīr;dom;5v;slaw
24;1;Ulfychari;wulf~gair;;5v;
24;2;Cotild;god~hildi;;5v;
24;3;Uolbolt;wulf~balth;;5v;
25;1;Teodemar;theud~mar;;5v;
25;2;Uitalem;vītālis;ser;5v;
25;3;Stabili;stabilis;pbr;5v;
25;4;Arialduolo;arialduolo;dux;5v;
25;5;Iohanni;iōhannēs;;5v;
25;6;Mauri;maur;;5v;
25;7;Domenico;dominicus;;5v;
25;8;Seruulo;servulus;pbr;5v;
25;9;Petro;petrus;pbr;5v;
26;1;Uitgauo;widu~gaw;com;5v;
26;2;Adalpert;athal~berht;;5v;
26;3;Reginuuart;ragin~ward;;5v;
26;4;Austregaus;austar~gaut;;5v;
26;5;Irnpurc;erin~burg;;5v;
26;6;Kisilperga;gīsal~berg;;5v;
26;7;Ernipurc;erin~burg;;5v;
26;8;Sedobra;se~dabr;;5v;slaw
26;9;Bribina;prībū-n;;5v;slaw
26;10;Terpimer;tirpī~mēr;;5v;slaw
26;11;Petrus ;petrus;;5v;
26;12;Maria;maria;;5v;
26;13;Dragouid;darg~vīd;;5v;slaw
26;14;Sabes;sabes;;5v;
26;15;Pizeden;pizeden;;5v;
26;16;Sa[n]isl;sanisl;;5v;
26;17;Benedictus;benedictus;;5v;
26;18;Straha;strāx;;5v;slaw
26;19;Petro;petrus;;5v;
26;20;Bedoslau;bud~slāv ;;5v;slaw
26;21;Mihahel;mīchāēl;;5v;
26;22;Siliz;žīlī-š;;5v;slaw
26;23;Coten;xatē-n ;;5v;slaw
26;24;Kanei;kān-j;;5v;slaw
26;25;Drisimer;diržī~mēr;;5v;slaw
26;26;Brat…;brāt...;;5v;slaw
26;27;Simut;šim-t;;5v;slaw
26;28;Po[eni]rie;poenirie;;5v;
26;29;Dragoroc;darg-r-k;;5v;slaw
26;30;Moeta;maj-t;;5v;slaw
26;31;Couar;kavāri;;5v;slaw
26;32;U[t]ikin;utēx-n;;5v;slaw
26;33;Ircumis;ircumis;;5v;
26;34;Saba;žābā;;5v;slaw
26;35;Cafrat;cafrat;;5v;
26;36;Iob;iob;;5v;
26;37;Estimer;side~mēr;;5v;slaw
26;38;Zamir[a];zā-mīr;;5v;slaw
26;39;Radasta;rād-st;;5v;slaw
26;40;Ado;ath;;5v;
26;41;Eginolf;agin~wulf;;5v;
27;1;Engildeo;angil~thew;;5v;
27;2;Amulpirc;amal~berg;;5v;
28;1;Hardradus;hard~rād;;5v;
29;1;Mutimir[a];mǫtī~mīr;;5v;slaw
29;2;Petrus ;petrus;;5v;
30;1;Dom[e]nic[o]…;dominicus;;5v;
30;2;Teodem…;teodem…;;5v;
31;1;Georgius;geōrgius;;5v;
31;2;Tona;antonia;;5v;
32;1;Musi[cica];mǫžīk-c;;5v;slaw
32;2;Her[cu];???;;5v;
32;3;Si…;sig~???;;5v;
32;4;Ri…ga;???;;5v;
33;1;Heimo;haim;;5v;
33;2;Uuitagauuo;widu~gaw;;5v;
33;3;Hunfrid;hūn~frith;;5v;
33;4;Mildrud;mīl~thruth;;5v;
33;5;Ellan…;alian~???;;5v;
33;6;…uppo;???;;5v;
33;7;Papo;bab;;5v;
33;8;Paldun[i];balth~wini;;5v;
33;9;Iprich;hildi~berg;;5v;
33;10;Deotlind;theud~linth;;5v;
33;11;Heito;haith;;5v;
33;12;Altrih;ald~rīk;;5v;
33;13;Egilperht;agil~berht;;5v;
33;14;Rodhe[ri];hrōth~hari;;5v;
33;15;Hitta;hid;;5v;
33;16;Gerpurc;gair~burg;;5v;
33;17;Deotlind;theud~linth;;5v;
33;18;Uualtunc;wald-ng;;5v;
33;19;Petrurs;petrus;;5v;
33;20;Ratolf;rād~wulf;;5v;
33;21;Gerhart;gair~hard;;5v;
33;22;Zeizol;tait-l;;5v;
33;23;Deotperht;theud~berht;;5v;
33;24;Meginperht;magin~berht;;5v;
33;25;Uualtram;wald~hraban;;5v;
33;26;Enginhart;angin~hard;;5v;
33;27;Engildeo;angil~thew;;5v;
33;28;Hunperht;hūn~berht;;5v;
33;29;Ermanhart;erman~hard;;5v;
33;30;Adaluni;athal~wini;;5v;
33;31;[O]dalrih;ōthal~rīk;;5v;
33;32;Uuihheri;wīg~hari;;5v;
33;33;Irminolh;erman~wald;;5v;
33;34;Ratpir;rād~berg;;5v;
33;35;Hantuni;hand~wini;;5v;
33;36;Adaluni;athal~wini;;5v;
33;37;Zezzol;tait~l;;5v;
33;38;Eliseus;elīsaeus;;5v;
34;1;Odlorich;ōthal~rīk;;5v;
1;1;Bascilius;basilicus;;6r;
1;2;Luciana;lūceana;;6r;
1;3;Leo;leo;;6r;
2;1;Lupo;lupus;pbr;6r;
3;1;Ranpret;ragin~berht;;6r;
3;2;Rotpric;hrōth~berg;;6r;
3;3;Otolft;aud~wulf;;6r;
4;1;Leo;leo;dia;6r;
5;1;Serenus;serēnus;pbr;6r;
6;1;sensect;???;;6r;
7;1;Uitalis;vītālis;;6r;
8;1;Rengari;ragin~gair;;6r;
8;2;Lub…;leub~???;;6r;
8;3;Staigai;staj~gaj;;6r;slaw
8;4;Gupa…;gupa…;;6r;
8;5;Erhpold;erk~balth;;6r;
9;1;Adelgis;athal~gīs;cle;6r;
9;2;Renfredus;ragin~frith;;6r;
10;1;Huoto;aud;;6r;
11;1;Qotman;qotman;;6r;
11;2;Mlada;maldā;;6r;slaw
11;3;Olamir;ala~mīr;;6r;slaw
11;4;Engisa;engisa;;6r;slaw
11;5;Olamir;ala~mīr;;6r;slaw
11;6;Trebesu…;terb-š;;6r;slaw
11;7;Radozlau;rād~slāv;;6r;slaw
11;8;Liupirih;leub~rīk;pbr;6r;
11;9;Estemir;side~mīr;;6r;slaw
11;10;Zizemir;žīz~mīr;;6r;slaw
12;1;Pensezi;pensezi;;6r;
12;2;Moiscla[u]a;maj~slāv;;6r;slaw
12;3;Iohannes;iōhannēs;fil;6r;
13;1;Ato;arth;;6r;
13;2;Ragenart;ragin~hard;;6r;
13;3;Cadrac;čā~darg;;6r;slaw
14;1;Cundpertus;gunth~berht;pbr;6r;
15;1;Uincamera;vętj~mēr;;6r;slaw
15;2;Lihamere;līx~mēr;;6r;slaw
16;1;Liupricus;leub~rīk;pbr;6r;
17;1;Brasclauo;brā~slāv;;6r;slaw
17;2;Uuentenscella;vętj-???;uxo;6r;slaw
18;1;Nepokor;nepakaru;;6r;slaw
19;1;Purcart;burg~hard;;6r;
19;2;Purchart;burg~hard;;6r;
20;1;Heimpertus;haim~berht;;6r;
20;2;Nidhartus;nīd~hard;;6r;
20;3;Herchanhartus;erkan~hard;;6r;
20;4;Yrminsuind;erman~swinth;;6r;
20;5;Helmker;helm~gair;;6r;
20;6;Anzo;and-z;;6r;
20;7;Heriri[b];hari~rīk;;6r;
20;8;Salaho;sal-k;;6r;
Zeile tilgen;;;;;;
20;9;Dobrami[ra];dabr~mīr;;6r;slaw
1;1;…per[a];…~ber;;6v;
2;1;Audeberte;aud~berht;;6v;
3;1;Brasclaua;brā~slāv;;6v;slaw
3;2;Dobrasclaua;dabr~slāv;;6v ;slaw
3;3;Bollasclaua;balj~slāv;;6v;slaw
3;4;[Treb]…;terb…;;6v;slaw
3;5;…ibgoda;???~gad;;6v;slaw
3;6;Sclauasis;slāv-š ;;6v;slaw
3;7;[Sen]tapulco;svęt~pulk;;6v;slaw
3;8;…sclaua;…~slāv;;6v;slaw
3;9;Pe…asis;pe…asis;;6v;slaw
3;10;Uuitismuscle;vītęzī~mūsl;;6v;slaw
3;11;B[ui]llenna;būl-nj ;;6v;slaw
3;12;Prebil;per-būl;;6v;slaw
3;13;Prebunde;per-bǫd;;6v;slaw
4;1;Igo;ig;;6v;
4;2;Uuaxegunt;wāg~gunth;;6v;
4;3;Adelpret;athal~berht;;6v;
5;1;Adelanus;athal-n;;6v;
5;2;Trebelio;terb-l;;6v;slaw
5;3;Murisclafa;mīr~slāv ;;6v;slaw
5;4;Rastisclao;arsti~slāv;;6v;slaw
5;5;Citamuscle;cēt~mūsl ;;6v;slaw
5;6;Rasmene;arz-min;;6v;slaw
5;7;Kasno;kā-š-n;;6v;slaw
5;8;Musclonna;mūsl-n;;6v;slaw
5;9;Lala;lālā;;6v;slaw
5;10;Stranamer;starn~mēr;;6v;slaw
5;11;Trebenna;terb-nj;;6v;slaw
5;12;Menedraga;minē~darg;;6v;slaw
5;13;Gomer;gaj~mēr ;;6v;slaw
5;14;Souuinnao;sabē-nj ;;6v;slaw
5;15;Pudaram;bod~hraban;;6v;
5;16;Gonimer;gani~mēr;;6v;slaw
5;17;Nitrabor;nitr~bar ;;6v;slaw
5;18;Uuitasmusclo;vītęzī~mūsl;;6v;slaw
5;19;Negot;negadu;;6v;slaw
6;1;Petrus ;petrus;;6v;
6;2;Martinus;martīnus;;6v;
7;1;Audrisi;audrisi;;6v;
8;1;Pertsuin;berht~swinth;;6v;
9;1;Gontrame;gunth~hraban;;6v;
9;2;Mecneos;mecneos;;6v;
9;3;Emelda;erm~hildi;;6v;
10;1;Kiummar;widu~mar;;6v;
10;2;Kepuni;geb~wini;;6v;
10;3;Folrat;fulk~rād;;6v;
10;4;Sigimar;sig~mar;;6v;
10;5;Aato;ath;;6v;
10;6;Deotrat;theud~rād;;6v;
10;7;Selpker;selb~gair;;6v;
10;8;Imma;im;;6v;
10;9;Hiltigat;hildi~gard;;6v;
10;10;Erchanhilt;erkan~hildi;;6v;
10;11;Paua;bab;;6v;
10;12;Deotrat;theud~rād;;6v;
10;13;Zatto;zatto;;6v;
10;14;Benedicta;benedicta;;6v;
10;15;Adalgild;athal~geld;;6v;
10;16;Aepa;eb;;6v;
11;1;Noe;noach;;6v;
11;2;Rodi;hrōth;;6v;
11;3;Regnolf;ragin~wulf;;6v;
11;4;Irminart;erman~hard;;6v;
11;5;Ercnil;erkan-l;;6v;
12;1;Gittal;gittal;;6v;
13;1;Stamer;stā~mēr;;6v;slaw
13;2;Audebertus;aud~berht;;6v;
13;3;Audalde;audwald;;6v;
14;1;Ato;ath;;6v;
14;2;Adallinda;athal~linth;;6v;
14;3;Lantbreht;land~berht;;6v;
14;4;Deotere;theud~hari;;6v;
14;5;Irfinge;erp-ng;;6v;
15;1;Hoteihza;xat-j-c;;6v;slaw
15;2;Zidepot;side~pǫt ;;6v;slaw
15;3;Netunsika;netǫg-k;;6v;slaw
15;4;Histoisir;histoisir;;6v;
16;1;Ratepote;rād~bod;fam;6v;
16;2;Emeldrut;amal~thruth;fam;6v;
17;1;Crepuco;krēpuk;;6v;slaw
17;2;Trebedeuua;terb~dēv ;uxo;6v;slaw
17;3;Trebegoste;terb~gast;fil;6v;slaw
17;4;Todor;todorъ ;;6v;slaw
18;1;Coseri;gaut~hari;;6v;
18;2;Siguuich;sig~wīg;;6v;
19;1;Tesina;tēx-n;;6v;slaw
19;2;Slotiuenza;slotiuenza;;6v;
20;1;Ratpirin;rād~berin;;6v;
21;1;Dobliclaug;dablī~slāv;;6v;slaw
21;2;Godesclagua;gadē~slāv;;6v;slaw
21;3;Zelesclauua;želī~slāv;;6v;slaw
21;4;Licheme[r];līx~mēr;;6v;slaw
21;5;Abraam;abrahām;;6v;
21;6;Teuderic;theud~rīk;;6v;
21;7;Uualderaht;wald~rād;;6v;
21;8;Gonteraht;gunth~rād;;6v;
21;9;Soguigai;svaj~gaj;;6v;slaw
21;10;Ermenscuent;erman~sinth;;6v;
21;11;Tonasclauua;tamī~slāv;;6v;slaw
21;12;Guasped[u]in;gaspadīnu ;;6v;slaw
21;13;Ludino;hlud-n;;6v;
21;14;Soguasclaua;???~slāv;;6v;slaw
21;15;Semia;sēm-j ;;6v;slaw
21;16;Presclauonte;per-slāv;;6v;slaw
21;17;Preselauonte;per-slāv;;6v;slaw
21;18;Ezamusqulo;???~mūsl;;6v;slaw
21;19;Dabramusclo;dabr~mūsl;;6v;slaw
21;20;Romald;hrōm~wald;;6v;
21;21;Gonlele;gonlele;;6v;
22;1;Uuarimfred;warin~frith;;6v;
22;2;Altichari;ald~gair;pbr;6v;
23;1;Hodelart;ōthal~hard;;6v;
23;2;Crimilt;grīm~hildi;;6v;
23;3;Uuitgou;widu~gaw;;6v;
23;4;Kerpurc;gair~burg;;6v;
23;5;Uualtrat;wald~rād;;6v;
24;1;Nesden;nesudē-n ;;6v;slaw
24;2;Antonius;antōnius;;6v;
24;3;Uitmar;wīd~mar;;6v;
24;4;Lutomer;ljūt~mēr;;6v;slav
24;5;Scriben;strib-n;;6v;slaw
24;6;Sebeteh;sebē~tēx;;6v;slaw
24;7;Primusl;prī-mūsl;;6v;slaw
25;1;Uitalis;vītālis;;6v;
25;2;Pantaleo;pantaleon;;6v;
25;3;Leolina;leolīna;;6v;
25;4;Dominicia;dominica;;6v;
25;5;Margarita;margarīta;;6v;
25;6;Leo;leo;;6v;
26;1;Gram…;graw~man;;6v;
26;2;Sigra…;sig~rād;;6v;
27;1;Ratari;rād~hari;;6v;
27;2;Adelarde;athal~hard;;6v;
27;3;Guiso;wis;;6v;
27;4;Enderath;and~rād;;6v;
28;1;Felix;fēlīx;pbr;6v;
28;2;Billo;bil;;6v;
28;3;Bernard;berin~hard;;6v;
28;4;Sonderade;sunth~rād;;6v;
28;5;Anna;anna;;6v;
28;6;Ratperga;rād~berg;;6v;
28;7;Anto  ;and;;6v;
28;8;Rotcausus;hrōth~gaut;;6v;
29;1;Sinderade;sinth~rād;;6v;
30;1;[O]lotec;ala~tēx;;6v;slaw
30;2;Godehi.[e];gad-j ;;6v;slaw
30;3;Blagamere;balg~mēr;;6v;slaw
30;4;Ogeca;ogeca;;6v;
30;5;Pontemere;slotiuenza;;6v;slaw
1;1;Pr[isca];prīsca;;7r;
2;1;Ilbogo;hildi~bod;;7r;
3;1;Tuto;dōd;;7r;
3;2;Elismot;alis~mōd;;7r;
4;1;Zillizio;žīl-š;;7r;slaw
4;2;[A]ro[n]stabeda;aronstabeda;;7r;
4;3;Nazamyr;nā-zā-mīr;;7r;slaw
4;4;Brazena;brā-š-n ;;7r;
5;1;[Lu]po;lupo;pbr;7r;
5;2;Orsus;ursus;dia;7r;
6;1;Capra;capra;;7r;
6;2;Timocenda;timocenda;;7r;
6;3;Ratpot;rād~bod;;7r;
6;4;Engelberte;angil~berht;;7r;
6;5;Orsus;ursus;;7r;
6;6;Agino;agin;;7r;
6;7;Cunigunda;kuni~gunth;;7r;
6;8;Cogimusclus;kajī~mūsl ;;7r;slaw
6;9;Tordasclaue;tvird~slāv ;;7r;slaw
1;1;Petrus ;petrus;cle;7v;
2;1;Sicmar;sig~mar;pbr;7v;
2;2;Ilitiricus;hildi~rīk;pbr;7v;
3;1;Sazona;sazona;dia;7v;
3;2;Casir;casir;pbr;7v;
4;1;Egilpert;agil~berht;;7v;
4;2;Uualto			;wald;;7v;
4;3;Maco;mag  ;;7v;
4;4;Uualto			;wald;;7v;
4;5;Keroch;gair~hauh;;7v;
4;6;Hiza;hid-z;;7v;
4;7;Isanard;īsan~hard;;7v;
4;8;Christina;chrīstīna;;7v;
4;9;Ellenrat;alian~rād;;7v;
4;10;Gauspert;gaut~berht;;7v;
4;11;Geroch;gair~hauh;;7v;
4;12;Teuderihc;theud~rīk ;;7v;
4;13;Teutekher;theud~gair;;7v;
4;14;Pepo;bib;;7v;
4;15;Teutoc;theud-k;;7v;
4;16;Isinardus;īsan~hard;;7v;
4;17;Teutekher;theud~gair;;7v;
4;18;Erhenrart;erkan~hard;;7v;
5;1;Burhard;būr~hard;;7v;
5;2;Spita;spita;;7v;
5;3;Eltifred;hildi~frith;;7v;
5;4;Balduin;balth~wini;;7v;
5;5;Cristian;chrīstiānus;;7v;
6;1;Altuad;ald~wād;;7v;
6;2;Adualc;hath~walh;;7v;
6;3;Elonolt[re];alian~wald;;7v;
6;4;A[l]dololt;athal~wald;;7v;
6;5;Cosuolt;gaut~wald;;7v;
6;6;Odililt;ōthal~hildi;;7v;
6;7;Aldolot;ald~wald;;7v;
6;8;Te[u]gard;theud~gard;;7v;
6;9;Uililm;wili~helm;;7v;
6;10;Elepurg;ali~burg;;7v;
6;11;Adulun;athal~wini;;7v;
6;12;Megenelm;magin~helm;;7v;
6;13;Uuilipurg;wili~burg;;7v;
6;14;Regipurg;ragi~burg;;7v;
6;15;Mart.;martīnus;;7v;
6;16;Olfrit;ōthal~frith;;7v;
6;17;Peroc;ber~hauh;;7v;
6;18;Otolft;aud~wulf;;7v;
6;19;Tetolm;theud~wulf;;7v;
6;20;Teutcarda     ;theud~gard;;7v;
1;1;Rattihis;rād~gīs;;8r;
2;1;Heroc;hari-k;;8r;
2;2;Estolf;es~wulf;;8r;
2;3;Rifon;rīp-n;;8r;
2;4;Uualtrat;wald~rād;;8r;
2;5;Ingloan;ingal~wān;;8r;
2;6;Gero ;gair;fra;8r;
 ;7;Effilo;aff-l;;8r;
2;8;Elisuuint;ali~swinth;;8r;
3;1;Martinus;martīnus;pbr;8r;
4;1;Iohannes;iōhannēs;dia;8r;
4;2;Donperte;dun~berht;;8r;
4;3;Tasa;das;;8r;
4;4;Dommelperte;dōm~berht;;8r;
4;5;Deusdedi;deusdedit;;8r;
4;6;Foscari;fuscarīnus;sda;8r;
4;7;Petro;petrus;;8r;
4;8;Guiselperto;gīsal~berht;;8r;
4;9;Rateperte;rād~berht;;8r;
4;10;Pergolfe;berg~wulf;;8r;
4;11;Liuperte;leud~berht;;8r;
5;1;Illtri;hildi~rīk;;8r;
5;2;Illtifrit;hildi~frith;;8r;
6;1;Gundalbreht;gunthal~berht;;8r;
7;1;Eillinrohc;alian~hrōk;;8r;
7;2;Ruodolt;hrōth~wald;;8r;
7;3;Uincfrid;wing~frith;;8r;
7;4;Pato;bad;;8r;
7;5;Kergoh;gair~hauh;;8r;
7;6;Hernuins;erin~wini;;8r;
7;7;Liuthel;leud~helm;;8r;
7;8;Toto;dōd;;8r;
7;9;Adelram;athal~hraban;;8r;
7;10;Liutalde;leud~wald;;8r;
7;11;Erombalde;erm~balth;;8r;
8;1;Uuillibreht;wili~berht;;8r;
1;1;Peringer;berin~gair;;8r;
1;2;Amalbertus;amal~berht;;8v;
1;3;Uodelbertus;ōthal~rād;;8v;
1;4;Lantpertus;land~berht;;8v;
1;5;Hildirat;hildi~rād;;8v;
2;1;Uisirihc;wis~rīk;;8v;
2;2;Cofes;cofes;;8v;
2;3;Stioa;stioia;;8v;
2;4;Ilteric;hildi~rīk;;8v;
2;5;Siherad;sig~rād;;8v;
2;6;Zisola;zisola;;8v;
2;7;Engelbert;angil~berht;;8v;
2;8;Rotepert ;hrōth~berht;;8v;
2;9;Trusing;drus-ng;;8v;
2;10;Keila;gail;;8v;
3;1;Sinteperto;sinth~berht;lai;8v;
3;2;Fredeberga;frith~berg;;8v;
4;1;Cultruda;gulth~thruth;;8v;
4;2;Liuttefredus;leud~frith;;8v;
4;3;Keroc;gair~hauh;;8v;
4;4;Ingildeo;ingal~thew;;8v;
4;5;Amelperga;amal~berg;;8v;
4;6;Popila;bōb-l;;8v;
4;7;Eprunus;ebur-n;;8v;
4;8;Kenet;ken~naud;;8v;
4;9;Ellipertus;ali~berht;;8v;
4;10;Aaron;aarōn;;8v;
4;11;Ricpolt;rīk~balth;;8v;
4;12;Etisa;ed-s;;8v;
4;13;Adelardus;athal~hard;;8v;
4;14;Machelt;mag~hildi;;8v;
5;1;Rotecheri;hrōth~hari;;8v;
1;1;P[uda…;???;;9r;
2;1;Helidniu;halith~neui;;9r;
2;2;Perehtraht;berht~rād;;9r;
2;3;Adalbreht;athal~berht;;9r;
2;4;Uodelbreht;ōthal~berht;;9r;
2;5;Lantpret;land~berht;;9r;
3;1;Gapert;gaw~berht;;9r;
4;1;Anselmu[s];ans~helm;;9r;
4;2;Theudebal[d];theud~bald;;9r;
5;1;Lantperga;land~berg;;9r;
5;2;Digna;dīgna;;9r;
6;1;Irbu;ir~burg;;9r;
7;1;Irmiburg;erm~burg   ;;9r;
7;2;Loutecard;leud~gard;;9r;
7;3;Nortprect;north~berht;;9r;
7;4;Teutprect;theud~berht;;9r;
7;5;Ermeng;erm-ng;;9r;
7;6;Rambolf;hraban~wulf;;9r;
7;7;Trosar;trosar;;9r;
7;8;Uuitigau;widu~gaw;;9r;
7;9;Umfrede;hūn~frith;;9r;
7;10;Lantald;land~wald;;9r;
7;11;Gausperte;gaut~berht;;9r;
7;12;Muniald;muni~wald;;9r;
7;13;Grosman;graut~man;;9r;
7;14;Ualtrade;wald~rād;;9r;
7;15;Pertine;berht~wini;;9r;
7;16;Fritila;frith-l;;9r;
7;17;Lantalde;land~wald;;9r;
7;18;Sigini;sig~wini;;9r;
7;19;Cosprect;gaut~berht;;9r;
7;20;Eginard;agin~hard;;9r;
7;21;Riglend  ;rīk~linth;;9r;
7;22;Egito;agi-d;pbr;9r;
7;23;Sigifrede;sig~frith;;9r;
7;24;Gospret;gaut~frith;;9r;
7;25;Suanelda;swan~hildi;;9r;
7;26;Ricprict;rīk~berht;;9r;
8;1;Ingeldeo;ingal~thew;;9r;
8;2;Stradosclauua;strād~slāv;;9r;slaw
8;3;Habraham;abrahām;;9r    ;
8;4;Ingeldeo;ingal~thew;;9r;
8;5;Engelscalquo;angil~skalk;fil;9r;
8;6;Ingeldeo   ;ingal~thew;;9r;
8;7;Alpegunt;alb~gunth;;9r;
8;8;Stradasclau;strād~slāv;;9r;slaw
8;9;Engelperen;angil~berin;;9r;
8;10;Riheri;rīk~hari;;9r;
8;11;Dobrablaste;dabr~???;;9r;slaw
8;12;Trudumund;thruth~mund;;9r;
8;13;Ingledeo;ingal~thew;;9r;
9;1;Iohanni;iōhannēs;;9r;
9;2;Aderoinus;athar~wini;;9r;
1;1;Cherad;gair~rād;;9v;
1;2;Orsus;ursus;pbr;9v;
1;3;Engelporg;angil~burg;;9v;
1;4;Recnard;ragin~hard;;9v;
1;5;Elmegari;amal~gair;;9v;
2;1;Lantaldt;land~wald;;9v;
2;2;Abraham;abrahām;;9v;
2;3;Gauspertus;gaut~berht;;9v;
2;4;Uualtrada;wald~rād;;9v;
3;1;Fratizo;fratizo;;9v;
3;2;Modara;modara;uxo;9v;
3;3;Petrus ;petrus;fil;9v;
3;4;Oberini;ubar~wini;pat;9v;
3;5;Latu;latu;mat;9v;
4;1;Sigiurid;sig~frith;;9v;
5;1;Engilsuuint;angil~swinth;;9v;
5;2;Gausperte;gaut~berht;;9v;
1;1;Ricsuent;rīk~swinth;;10r;
1;2;Reginperte;ragin~berht;;10r;
1;3;Rotfrid;hrōth~frith;;10r;
1;4;Ratichis;rād~gīs;;10r;
1;5;Rafolt;raf~wald;;10r;
1;6;Erquomot;erkan~mōd;;10r;
1;7;Riccard;rīk~hard;;10r;
2;1;Petrus ;petrus;;10r;
3;1;Panco;band-z;;10r;
4;1;Ingulani;ingal-n;;10r;
5;1;Alnolfo;alian~wulf;;10r;
5;2;Ota;aud;;10r;
5;3;Teuderico;theud~rīk;;10r;
5;4;Albescenda;alb~sinth;;10r;
5;5;Gararde;garw-hard;;10r;
5;6;Teuderic;theud~rīk;fil;10r;
5;7;Sicbalde;sig~balth;uxo;10r;
5;8;Ota;aud;;10r;
5;9;Oluualde;ōthal~wald;;10r;
5;10;Sicpalde;sig~balth;;10r;
5;11;Eles;alis ;fil;10r;
5;12;Engelsenda;angil~sinth;mat;10r;
5;13;Reimbrete;ragin~berht;;10r;
5;14;Oluualde;ōthal~wald;;10r;
5;15;Elengere;alian-gair;;10r;
5;16;Regeno;ragin;;10r;
5;17;Spennicsclaua;???-slāv;;10r;slaw
1;1;Regneri;ragin~hari;pbr;10v;
1;2;Alprect;alb~berht  ;;10v;
1;3;Ilpung;help-ng;fra;10v;
1;4;Ammo;am;;10v;
1;5;Uualilm;walh~helm;;10v;
1;6;Malelm;mahal~helm;;10v;
1;7;Ernost;ernust;;10v;
1;8;Ingelsind;ingal~sinth;;10v;
1;9;Teutterih;theud~rīk;;10v;
1;1;Domenico;dominicus;eps;11r;
1;2;Audeberto;aud~berht;;11r;
1;3;Andrea;andreās;;11r;
1;4;Gontpato;gunth~bad;;11r;
2;1;Liutfrede;leud~frith;;11r;
2;2;Tamacano;tamacano;;11r;
2;3;Kotedruc;god~thruth;;11r;
2;4;Erconfret;erkan~frith;;11r;
2;5;Ita;id;;11r;
2;6;Anna;anna;uxo;11r;
2;7;Erconfret;erkan~frith;;11r;
1;1;Madolutd;mathal~wald;;11v;
2;1;Aspertus;ans~berht;;11v;
2;2;Purgman;burg~man;;11v;
2;3;Engilpero;angil~ber;;11v;
2;4;Gundpreht;gunth~berht;;11v;
2;5;Cistei;čist-j;pbr;11v;slaw
2;6;Gotehilt;god~hildi;;11v;
2;7;Engilger;angil~gair;;11v;
3;1;Salamunt;sal~mund;;11v;
3;2;Isanhilt;īsan~hildi;;11v;
1;1;Munialde;muni~wald;;12r;
1;2;Prectini;berht~wini;;12r;
1;3;Richald;rīk~wald;;12r;
1;4;Rotheri;hrōth~hari;;12r;
2;1;Karolo;karl;imp;12r;
2;2;Liuttardo;leud~hard;eps;12r;
3;1;Rantecheri;rand~wakar;;12r;
3;2;Gaiperga;gaid~berg;uxo;12r;
3;3;Rantheceri;rand~wakar;fil;12r;
3;4;Paco;bak;fil;12r;
3;5;Ildeberte;hildi~berht;;12r;
4;1;Salomon;salomōn;dia;12r;
1;1;secundo;secundus;dia;12v;
2;1;Ingilfrede;ingal~frith;;12v;
2;2;Ingil[he]r;ingal~hari;;12v;
2;3;Renguhis;ragin~wit;;12v;
2;4;Ellemtpecca;alian~berg;;12v;
1;1;Cano;cano;;13r;
1;2;Dragamer;darg~mēr;;13r;slaw
1;3;Genenta;genenta;;13r;
1;4;Nazisir;nāšī~žīr;;13r;slaw
1;5;Cano;cano;;13r;
1;6;Ponete;pan-t ;;13r;slaw
1;7;Seuemuscle;sebē~mūsl;;13r;slaw
1;8;Senina;senina;obi;13r;
1;9;Nedauid;nedā~vīd;;13r;slaw
1;10;Cectocete;čęst~žīt;;13r;slaw
1;1;Uuaniguo;wani-ng;cle;13v;
1;2;Rodone;hrōth-n;;13v;
1;3;Ingelgarde;ingal~gard;;13v;
1;4;Adelberte;athal~berht;;13v;
1;5;Cotaperte;god~berht;;13v;
1;6;Egildrude;agil~thruth;;13v;
1;7;Liutiscenda;leud~sinth;;13v;
1;1;Iohannes;iōhannēs;pbr;14r;
1;2;Benedictus;benedictus;cle;14r;
1;3;Reinarte;ragin~hard;pbr;14r;
1;4;Ato;ath;;14r;
1;5;Teupolt;theud~balth;;14r;
1;6;Adelperga;athal~berg;;14r;
1;7;Antric;and~rīk;;14r;
1;8;Reginolt;ragin~wald;;14r;
1;9;Albini;alb~wini;;14r;
1;10;Soniilt;sōn~hildi;;14r;
1;11;Oluult;ōthal~wulth;;14r;
   ;12;Ceriult;gair~wulth;;14r;
1;13;Suonabrut;sōn~burth;;14r;
1;1;Arigait;hari~gaid;;14v;
1;2;Siderda;sid~hard;;14v;
1;3;Felix;fēlīx;;14v;
2;1;…oc;???;;14v;
2;2;…u[ni];???;;14v;
2;3;…lin;???;;14v;
3;1;Oimuscle;ūj~mūsl ;;14v;slaw
3;2;Dabraua;dabrāvā;;14v;slaw
3;3;Soitin;svaj-t-n;;14v;slaw
3;4;Premil;per-mīl;;14v;slaw
3;5;Luban;ljūb-n ;;14v;slaw
3;6;Dequodesca;dequodesca;;14v;
3;7;Misticlau;mistī~slāv;;14v;slaw
3;8;Gohifred;god~frith;;14v;
3;9;Cerna;čirnā;;14v;slaw
3;10;Quocili;quocili;;14v;slaw
3;11;Priuuinna;prībū-nj;;14v;slaw
3;12;Gostidrago;gastī~darg;;14v;slaw
3;13;Semmemuslce;slaw;;14v;slaw
3;14;Puridra;puridra;;14v;
3;15;Zidana;zidana;;14v;
3;16;Pilende;pilende;;14v;
3;17;Seuella;seuella;;14v;
3;18;Seuella;seuella;;14v;
3;19;Milas;mīl-š;;14v;slaw
3;20;Soidrago;svaj~darg;;14v;slaw
3;21;Randeco;rand-k;;14v;
3;22;Ceresulla;čerš-lj;;14v;slaw
3;23;Sinata;sinata;;14v;
1;1;Albericus;alb~rīk;;15r;
1;2;Rihpald;rīk~balth;;15r;
1;1;Reginprete;ragin~berht   ;;18v;
1;2;Quunigunda;kuni~gunth;;18v;
1;3;Odelardus;ōthal~hard;pbr;18v;
1;4;Teutep;theud~berht;;18v;
1;5;…tach;???~dag;;18v;
1;1;Romult;hrōm~wald;;20v;
1;2;Frederich;frith~rīk;;20v;
1;3;Heriprat;hari~berht;;20v;
1;4;Kadoloc;gad~walh;;20v;
1;5;Ce[rt]e[s];gard~???;;20v;
1;1;Olfrant;wulf~rand;;21r;
1;2;Au…;aud~???;;21r;
1;1;Ambriccho;ambr-k;;21v;
1;1;Euco;euth;;22v;
1;2;Teuteric;theud~rīk;;22v;
1;3;Euco;euth;;22v;
1;4;Teuteric;theud~rīk;;22v;
1;5;Sicharde;sig~hard;;22v;
2;1;Messor[g]o;messorgo;;22v;
2;2;Loba;leub;uxo;22v;
3;1;Engisuind;angil~swinth;;22v;
3;2;Ualhardus;ualh~hard;;22v;
3;3;Adalrih;athal~rīk;;22v;
3;4;Contelmus;gunth~helm;;22v;
3;5;Gondulft;gunth~wulf;;22v;
3;6;Kepardus;geb~hard;;22v;
3;7;Hermenerus;erman~hard;;22v;
3;8;Ualdman;wald~man;;22v;
3;9;Hit[to];hid;;22v;
4;1;Cund[f]ipo;cundfipo;;22v;
4;2;Esinnt;essint;;22v;
5;1;Iohannes;iōhannēs;;22v;
5;2;Bedoslaua;bud~slāv;;22v;slaw
6;1;Rotepert ;hrōth~berht;;22v;
6;2;Sygifrede;sig~frith;;22v;
6;3;Igilpurge;agil~burg;;22v;
1;1;Ri…;rīk~???;;23r;
1;2;R.g…;???;;23r;
1;3;…aper ..;???;;23r;
1;5;Ildigarius;hildi~gair;;23r;
1;6;Cralo;grāw~walh;;23r;
1;7;Utilo;aud-l;;23r;
1;8;Uulcote;fulk~gaut;;23r;
1;9;Milo;mīlo;;23r;
1;10;Uuitego;widu~gaw;;23r;
1;11;Sighebult;sigi~balth;;23r;
1;12;Eghelman;agil~man;;23r;
1;13;Isinnere;īsan~hari      ;;23r;
1;14;Iltimot;hildi~mōd;;23r;
1;15;Fredebod;frith~bod;;23r;
1;16;Adebrat;ath~berht;;23r;
2;1;Cozbertus;gaut~berht;dia;23r;
3;1;Presila;per-žīl;;23r;slaw
4;1;Petrus ;petrus;fil;23r;
4;2;Tripemero;tirpī~mēr;;23r;slaw
5;1;Otuuin;aud~wini;;23r;
5;2;Suitschir;swīth~gair;;23r;
1;1;Uitalis;vītālis;cle;28r;
1;2;Leo;leo;cle;28r;
1;1;Lubaset;ljūb~žīt;;29v  ;slaw
2;1;Olperto;ōthal~berht;;29v  ;
3;1;Deot.flu…;theud~???;;29v  ;
1;1;Orso;ursus;dia;30r;
1;2;Iohanni;iōhannēs;cle;30r;
1;3;Leo;leo;;30r;
1;1;Ianelperga;???~berg;;32r;
1;2;Ianelperga;???~berg;;32r;
1;3;Aledruda;ala~thrud;;32r;
1;4;Roteperga;hrōth~berg;;32r;
1;5;Todelperga   ;theudal~berg;;32r;
1;1;Semina;sēmī-n;;38v;slaw
1;2;Uisegneo;vūše~gnēv;dia;38v;slaw
1;3;Cruben;grǫb -n;;38v;slaw
1;4;Uuilan;velj-n;;38v;slaw
1;5;Sedobra;se~dabr;;38v;slaw
2;1;Umberte;hun~berht;;38v;
2;2;Ricpolte;rīk~balth;;38v;
1;1;Da…a…;da…a…;;39r;
1;2;…g[us];…gus;;39r;
1;3;Uu[itsl]a[n];vīt~slāv;;39r;slaw
1;4;Zaleic;žālj-k ;;39r;slaw
1;5;Helena;helena;;39r;
1;6;Tri[b]enna;terb-nj;;39r;slaw
1;7;Paulus;paulus;;39r;
1;1;Liutpaldus;leud~balth;;42r;
1;2;Quunigund;kuni~gunth;;42r;
1;3;Santpulc;santh~burg;;42r;
1;4;Isaac;īsaac;;42r;
1;5;Uuiperte;wīh~berht;;42r;
1;6;Fastpurch;fast~burg;;42r;
1;7;Astrapalde;anstar~balth;;42r;
1;8;Bulicne;būlīk-n;;42r;slaw
1;9;Bodimir;badī~mīr;;42r;slaw
1;10;Conder;kǫdr  ;;42r;slaw
1;11;Alberihc;alb~rīk;;42r;
1;12;Uolfoch;wulf~hauh;;42r;
1;13;Reginsuuint;ragin~swinth;;42r;
1;1;Gaudioso;gaudiōsus;dia;42v;
1;2;Martino ;martīnus;pbr;42v;
1;1;Gostichai;gastī~kāj ;;47r;slaw
1;2;Sebusca;seb-š-k;;47r;slaw
1;1;Presela ;per-žīl  ;;49r;slaw
1;2;Uuisseoi;vūše~ūj;pbr;49r  ;slaw
1;1;D[om];dōm~[???];;51r;
1;2;Domenicus;dominicus;;55r;
1;3;Petrus ;petrus;;55r;
1;4;Iohanne;iōhannēs;;55r;
1;5;Denna;dan;;55r;
1;6;Romana;rōmāna;;55r;
1;7;Lannase;lannase;;55r;
1;8;Maria;maria;;55r;
1;9;Marino;marīnus;;55r;
1;10;Iohanne;iōhannēs;;55r;
1;11;Manno;man;;55r;
1;12;Iohanne;iōhannēs;;55r;
1;1;Dannamir;dānj~mīr;;65r;slaw
1;1;Erniprete;arin~berht;;71r;
1;2;Elmite;elmite;;71r;
1;3;Ellena;helena;;71r;
1;4;Erceneta;erkan~haith;;71r;
1;5;Ioltella;ioltella;;71r;
1;6;Teuprete;theud~berht;;71r;
1;7;Margate;margarīta;;71r;
1;8;Prunare;brun~hari;;71r;
1;9;Gisinperga;gīsal~berg;;71r;
1;10;Odolperte;ōthal~berht;;71r;
1;11;Asperte;ans~berht;;71r;
1;1;Stenedrago;stānī~darg;;79r;slaw
1;1;Cheroc;gair~hauh;;79v;
1;2;Pero;ber;;79v;
1;3;Pero ;ber;;79v;
1;4;Pychil;pūx-l ;;79v;slaw
1;5;Ratipir;rātī~bar;;79v;slaw
1;6;Huluinul;huluinul;;79v;
1;7;Ingelpir;ingal~ber;;79v;
1;8;Pirigint;ber~gunth;;79v;
1;9;Uertila;werth-l;;79v;
1;10;Urto;urto;;79v;
1;11;Leo;leo;pbr;79v;
1;1;Castemyr;gastī~mīr;;80v;slaw
1;2;Gherolt;gair~wald;;80v;
1;1;Iustin;iūstīnus;;81r;
1;2;Teurat;theud~rāf;;81r;
1;3;Teutpult;theud~balth;;81r;
1;1;Quonimont;wān~mund;;94v;
1;2;Teutperga;theud~berg;;94v;
1;3;Fredebert;frith~berht;fil;94v;
1;4;Kerat;gair~rād;;94v;
1;5;Engelmot;angil~mōd;;94v;
1;1;Prisnata;prīsn-t;;95r;slaw
1;1;Olodrac;ala~darg;;98v;slaw
1;2;Olomer;ala~mēr;;98v;slaw
1;3;Pigimer;???~mēr;;98v;slaw
1;4;Cotes;xat-š;;98v;slaw
1;5;Sitigoi;žītī~gaj;;98v;slaw
1;6;Mirogoi;mīr~gaj;;98v;slaw
2;1;Uuerinolfus;warin~wulf;;98v;
2;2;Sigifrid;sig~frith;;98v;
2;3;Diotpold;theud~balth;;98v;
2;4;Sigihart;sig~hard;;98v;
2;5;Adam;ādam;;98v;
2;6;Kerurid;gair~frith;;98v;
2;7;Arurid;ar~frith;;98v;
2;8;Zeizmunt;tait~mund;;98v;
2;9;Conpert;kōn~berht;;98v;
2;10;Engilrih;angil~rīk;;98v;
2;11;Uuolfhart;wulf~hard;;98v;
2;12;Ellinpert;alian~berht ;;98v;
2;13;Ellinpert;alian~berht ;;98v;
2;14;Kotapert;god~berht;;98v;
2;15;Riginpata;ragin~berht;;98v;
2;16;Engildrud;angil~thruth;;98v;
2;17;Reginlind;ragin~linth;;98v;
2;18;Liutuna;leud-n;;98v;
2;19;Uualtpert;wald~berht;;98v;
2;20;Zeizmunt;tait~mund;;98v;
2;21;Adalrih;athal~rīk;;98v;
2;22;Zeizpold;tait~balth;;98v;
2;23;Uuanpert;wān~berht;;98v;
2;24;Perahkart;berht~gard    ;;98v;
2;25;Liuphilt;leub~hildi;;98v;
2;26;Kotapurc;god~burg;;98v;
2;27;Adalruod;athal~hrōth;;98v;
2;28;Ratold;rād~wald;;98v;
2;29;Keruualah;gair~walh;;98v;
2;30;Hiltimeri;hildi~mar;;98v;
2;31;Pirihtilo;berht-l;;98v;
2;32;Adalurid;athal~frith;;98v;
2;33;Uuillipurc;wili~burg;;98v;
2;34;Iohannes;iōhannēs;;98v;
2;35;Perahkoz;berht~gaut;;98v;
2;36;Hero ;hari;;98v;
2;37;Anthelm;and~helm;;98v;
3;1;Emeld;erm~hildi;;98v;
3;2;Fredruna;frith~rūn;;98v;
3;3;Adilinda  ;athal~linth;;98v;
3;4;Piligid;bil~gid;;98v;
3;5;Adelsinda;athal~sinth;;98v;
3;6;Perold;ber~wald;;98v;
3;7;Soanegilda;swan~hildi;;98v;
3;8;Teuderada;theud~rād;;98v;
3;9;Teuto;theud;;98v;
3;10;Euerarde;ebur~hard;;98v;
3;11;Gonterammus;gunth~hraban;;98v;
3;12;Teuderic;theud~rīk;;98v;
3;13;Teuderic;theud~rīk;;98v;
3;14;Emild;erm~hildi;;98v;
3;15;Agatha;agatha;;98v;
3;16;Toda;dōd;;98v;
3;17;Ualtechari;wald~hari;;98v;
1;1;Stagai;stā~gaj;;99r;slaw
1;2;Ebo;eb   ;;99r;
1;1;Zidislau;side~slāv;pbr;102v;slaw
1;2;Rihpert;rīk~berht;pbr;102v;
1;3;Altrih;ald~rīk;pbr;102v;
1;4;Uuillihart;wili~hard ;pbr;102v;
1;5;Paldmunt;balth~mund;pbr;102v;
1;6;Rodun;hrōth-n  ;pbr;102v;
1;7;Zabau;zā-bāvu;;102v;slaw
1;8;Liutist[i];ljūt-st;;102v;slaw
1;9;Munemer;minē~mēr;;102v;slaw
1;10;Ratolf;rād~wulf;;102v;
1;11;Altfrid;ald~frith;;102v;
1;12;Liutolt;leud~wald;;102v;
1;13;Sepino;sepino;;102v;
1;14;Sirnamus;sirnamus;;102v;
1;15;Mirona;mīr-nj;;102v;slaw
1;16;Dobridei;dabr~dēj;;102v;slaw
1;17;Priuuigor;prībū~gar;;102v;slaw
1;18;Zla;zlā ;;102v;slaw
1;19;Nazzeg;nāš-k;;102v;slaw
2;1;Brannimero;barnī~mēr;com;102v;slaw
2;2;Mariosa;mariosa;com;102v;
2;3;Elymburt;elymburt;;102v;
2;4;Frederut;frithu~rād;;102v;
2;5;Cherni;čirn-j;;102v;slaw
3;1;Domenaos;domnīnus;dia;102v;
3;2;Amelperte;amal~berht;pbr;102v;
3;3;Ma…le;ma…le;pbr;102v;
3;4;…ntper[to];???~berht;pbr;102v;
3;5;.br…d..;.br…d..;;102v;
3;6;…gane;???;;102v;
4;1;[N]ene[h]iu;[n]ene[h]iu;;102v;
1;1;Emmina;erman   ;;106v;
1;2;Enchelsint;angil~sinth;;106v;
1;3;Uuinburga;wini~burg;;106v;
1;4;Suaue;swāb;;106v;
1;5;Arbena;arbi-n;;106v;
1;6;Ratila;rād-l;;106v;
1;7;Leuderade;leud~rād;;106v;
1;8;Ualtila;wald-l;;106v;
1;9;Ualtila;wald-l;;106v;
1;10;Engelmot;angil~mōd;;106v;
1;11;Arpana;arbi-n;;106v;
1;1;Elymburga;alian~burg;;107r;
1;2;Elymburga;alian~burg;;107r;
1;3;Hequo;agi;;107r;
1;4;Erchengeri;erkan~gair;;107r;
1;5;Ricpret;rīk~berht;;107r;
1;6;Odelpret;ōthal~berht;;107r;
1;7;Suapric;swāb~rīk;;107r;
1;8;Frouult;frawa~wald;;107r;
1;9;Otepret;aud~berht;;107r;
1;10;Holtpret;wald~berht;;107r;
1;11;Rampret;hraban~berht;;107r;
1;12;Ermouuit;erm~wīd;;107r;
1;13;Karnenad;karnenad;;107r;
1;14;Liutecheri;leud~hari;;107r;
1;15;Hengilburga;angil~burg;;107r;
1;16;Uualtila;wald-l;;107r;
1;17;Emmina;erman;;107r;
1;1;Giselperto;gīsal~berht;sda;118v;
1;2;Guiselperto;gīsal~berht;sda;118v;
1;3;Rotecauso;hrōth~gaut;;118v;
1;4;Gonteperga;gunth~berg;;118v;
1;5;Guiselperto;gīsal~berht;;118v;
0;6;Rotecauso;hrōth~gaut;;118v;
1;7;Gonteperga;gunth~berg;;118v;
1;8;Bertalde;berht~wald;;118v;
1;9;Giselperto;gīsal~berht;sda;118v;
1;10;Guiselperto;gīsal~berht;sda;118v;
1;11;Giselperto;gīsal~berht; sda;118v;
2;1;Deuto;theud;;129v;
2;2;Guiselarde;gīsal~hard;;129v;
2;3;Ghero ;gair;;129v;
2;4;Ledi;ledi;;129v;slaw
2;5;Christiano;chrīstiānus;;129v;
2;6;Predeclauo;perd-slāv ;;129v;slaw
2;7;Adelric;athal~rīk  ;;129v ;
2;8;Liupari;leub~hari;;129v;
2;9;Altepret;ald~berht;;129v;
2;10;Tunisclaua;tamī~slāv;;129v;slaw
1;1;Miltrut;mīl~thruth;;130r;
1;2;Ubisclaua;ūbū~slāv;;130r;slaw
1;3;Ermizenda;ermin~sinth;;130r;
1;4;Gherunt;gair-nd;;130r;
1;5;Ramilt;hraban~hildi;;130r;
1;6;Uilet;vūletu;;130r;slaw
1;7;Adelfret;athal~frith;;130r;
1;8;Ratolfe;rād~wulf;;130r;
1;1;Sideslau;side~slāv;;132v;slaw
1;2;Mistis;mist-š;;132v;slaw
1;3;Semolruh;semolruh;;132v;
1;1;Ergefrede;erk~frith;;136r;
2;1;Uuilermus;wili~helm;;136r;
2;2;Liccause;liccause;;136r;
1;1;Sedesclao;side~slāv;;145r;slaw
1;2;Preuite;per-vīt;;145r;
1;3;Merulla;merulla;;145r;slaw
1;4;Elemperte;alian~berht ;;145r;
1;5;Elengeri;alian~gair;;145r;
1;6;Pertilt;berht~hildi;;145r;
1;7;Ederam;athal~hraban;;145r;
1;8;Liupilt;leub~hildi;;145r;
1;1;Isaac;īsaac;dia;151r;
2;1;Casinus;casīnus;;151r;
2;2;Teuderada;theud~rād;;151r    ;
2;3;Innila;in-l;;151r;
2;4;Szuy;szuy;;151r;
2;5;Iacob;iācōb;;151r;
2;6;Berengarius;berin~gair;;151r;
1;1;Petri;petrus;pbr;162v;
1;2;…do…ci;???;;162v;
1;3;Luponi;lupo;;162v;
1;4;Dominici  ;dominicus;;162v;
1;5;Felicis;fēlīx;;162v;
1;6;Petri;petrus;;162v;
0;7;Uitaliani;vītāliānus;pbr;162v;
1;8;Audberti;aud~mar;;162v;
1;9;Teudmari;theud~mar;pon;162v;
1;10;Uenantii;venantius;;162v;
1;11;Adoni;ath;;162v;
1;12;Pauli;paulus;;162v;
1;13;Liuperti;leud~berht;;162v;
1;14;Felici ;fēlīx;;162v;
1;1;Ulfecheri;wulf~gair;;167r;
1;2;Godesclaua;gadē~slāv;;167r;slaw
1;3;Ratulfe;rād~wulf;;167r;
1;4;Oltecheri;wald~gair;;167r;
1;5;Onnia;onnia;;167r;slaw
1;6;Slauica;slāv-k;;167r;slaw
1;7;Encheldeo;angilthew;;167r;
1;8;Encheldeo;angil~thew;;167r;
1;9;Albegunda;alb~gunth;;167r;
1;10;Stradesclaua;strād~slāv;;167r;slaw
1;11;Percot;percot;;167r;
1;12;Riccoth;riccoth;;167r;
1;13;Adelpret;athal~berht;;167r;
1;14;Liutichis;leud~gīs;pbr;167r;
1;15;Teutilt;theud~hildi;;167r;
1;16;Subimer;sabē~mēr;;167r;slaw
1;1;Otelm;aud~helm;;178v;
1;2;Iltrut;hildi~thruth;;178v;
1;3;Ettilis;ettilis;;178v;
1;4;Tetmot;theud~mōd;;178v;
1;5;Artuin;hard~wini;eps;178v;
1;6;Illerat;hildi~rād;;178v;
1;7;Ielem;ielem;;178v;
1;8;Eudesen;eudesen;;178v;
1;9;Nanteri;nanth~hari;;178v;
2;1;Otelm;aud~helm;;178v;
2;2;Iltrut;hildi~thruth;;178v;
2;3;Ettilis;ed-l;;178v;
2;4;Tetmot;theud~mōd;;178v;
2;5;Artuin;hard~wini;eps;178v;
1;1;A[lbe]g[und];alb~gunth;;179r;
1;1;Stano;stān;pbr;181v;slaw
1;2;Audalde;aud~wald;dia;181v;
1;1;…dedit;???~dedit;;187r;
2;1;Deusdedit;deusdedit;;187r;
1;1;Martino ;martīnus;dia;195r;
1;2;Giselpert ;gīsal~berht;;195r;
1;3;Gisa;gīs;;195r;
1;4;Bertalde;berht~wald;;195r;
1;5;Teupalde;theud~balth;;195r;
1;6;Lobo;leub;;195r;
1;7;Adelperga;athal~berg;;195r;
1;8;Liuperga;leud~berg;;195r  ;
1;9;Arigaite;hari~gaid;;195r;
1;10;Aurosa;aurōsa;;195r;
1;11;Rateperga;rād~berg;;195r;
1;12;Sonteperga;sunth~berg;;195r;
1;13;Audreda;aud~rād;;195r;
1;14;Rotecause;hrōth~gaut;;195r;
1;15;Gisa;gīs;;195r;
1;16;Sinteperte;sinth~berg;;195r;
1;17;Adelperga;athal~berg;;195r;
1;18;Bertalde;berht~wald;;195r;
1;1;Rambertus;hraban~berht;;196v;
1;2;Hequo;hequo;;196v;
1;3;Ata;ath;;196v;
1;4;Rumolt;hrōm~wald;pbr;196v;
1;5;Gheresit;gair~swīth;;196v;
1;6;Elimbur;elimbur;;196v;
1;7;Elimbur;elimbur;;196v;
1;8;Hesotf;hesotf;;196v;
1;1;Olperto;ōthal~berht;pbr;203r;
1;2;Iohanne;iōhannēs;dia;203r;
1;3;Audolfu;aud~wulf;cle;203r;
1;1;[Nii]nita;nin-t;dia pbr;213v;slaw
1;2;Prenenon;per-nin;;213v;slaw
1;3;Milei;mil-j;;213v;slaw
1;4;Pomego;pam-k;;213v;slaw
1;5;Dobrosisne;dabr~žīzn;;213v;slaw
1;6;Isauca;isauca;;213v;
1;7;Trehenta;terb-x-t;;213v;slaw
1;8;Deoste;dē-st;;213v;slaw
1;9;Sesite;se~žīt ;;213v;slaw
1;10;Trebenna;terb-nj;;213v;slaw
1;11;Stram;starn~mīr;;213v;slaw
1;12;Semigir;sēmī~gar;;213v;slaw
1;13;Musclasete;mūsl~žīt;;213v;slaw
1;14;Ras;rā-š;;213v;slaw
1;15;Luca;lukas;;213v;
1;16;Turdamere;tvird~mēr;;213v;slaw
1;17;Zaba ;žābā ;;213v;slaw
1;18;Ferado;ferado;;213v;
1;19;Nemera[l];nemēr-l;;213v;slaw
1;20;Domamir;damā~mīr;;213v;slaw
1;21;Ciagrota;ciagro-t;;213v;slaw
1;22;E[t]umila;???-mīl;;213v;slaw
1;23;Premer;per-mēr;;213v;slaw
1;24;Drainoste;darg-n-st;;213v;slaw
1;25;Sidesci;side-š;;213v;slaw
1;26;Nesir;nežīru;;213v;slaw
1;1;Adoloc;athal~hauh;;215r;
1;2;Rimfrit;rim~frith;;215r;
1;3;Erminad;erman~hard;;215r;
1;4;Adoloc;athal~hauh;;215r;
1;5;Adoloc;athal~hauh;;215r;
1;1;Irminhart;erman~hard;;219r;
1;1;Iohanni;iōhannēs;cle;221v;
1;2;Feli;fēlīx;cle;221v;
1;1;Ratgoi;rātī~gaj;;236v;slaw
1;2;Reginsunda;ragin~swinth;uxo;236v;
1;3;Patricius;patricius;;236v;
1;4;Bribislau;prībū~slāv;;236v;slaw
1;5;Martinus;martīnus;;236v;
1;6;Todoro;theodōrus;;236v;
1;7;Kameraz;kameraz;;236v;
1;8;Georgius;geōrgius;;236v;
1;9;Pacemira;pāčē~mīr;;236v;slaw
1;1;Sebedrac;sebē~darg;;238r;slaw
1;1;Iohanni;iōhannēs;pbr;242v;
1;1;Baldoni;balth ;sda;245r;
1;1;Irmilihit;erman~hildi;;250v;
1;1;Degodeska;dēgad-š-k;;268v;slaw
1;2;Dallimere;dālē~mēr;;268v;slaw
1;3;Bellica;bēl-k;;268v;slaw
1;4;Minidrago;minē~darg;fil;268v;slaw
1;5;Iohannes;iōhannēs;;268v;
1;6;Cerelulla;čerš-lj;fil;268v;slaw
1;7;Thesconna;tēx-k-n;;268v;slaw
1;1;Nenadei;nenādēji;;270v;slaw
1;2;Glauoz;glāv-š;;270v;slaw
